"id","title","priority","status","proof","observation","recommendation"
"WF-01","Reconcile examination closure with admission, reservation and transport","P1","Native reproduced","N01","A revoked examination closes a pulled movement and refunds capacity but retains its consuming admission.","Reconcile real commitments atomically, preserving actual arrival/departure facts and an attributable exception path."
"WF-02","Guard operational actions against surviving commitments after stage correction","P1","Native reproduced","N02,N03,N04,E01","Step-back then pull can create a second admission; step-back then withdrawal or release can orphan or remove a real commitment. Controls now exist locally.","Keep correction separate from physical reversal. Guard later actions by reservation/admission IDs and physical milestones, not merely the stage."
"WF-03","Verify remaining high-acuity staffing at allocation","P1","Controlled native fixture","X02","Remaining high-acuity capacity is zero, but a non-overridden pull creates a second high-acuity occupant against capacity one.","Enforce remaining high-acuity capacity with a specific refusal and the explicitly approved recorded-exception policy."
"WF-04","Separate cancellation, replacement booking and handover readiness","P1","Native reproduced","N05","Cancelling before handover creates a replacement at handover_ready; the job can collect without HANDOVER_READY ever being recorded.","Separate cancellation, deliberate replacement and clinical readiness. A cancellation cannot prove readiness."
"WF-05","Define destination change and diversion after reservation or collection","P1 decision","Workflow decision","N04,N06 related","No complete diversion contract was verified. Stage rewriting is not a physical diversion event.","Agree old/new bed accounting, amended transport and responsible service. Record actual diversion after collection rather than erasing departure."
"WF-06","Count one physical departure once across admission and bed-release paths","P1","Native identity-gap reproduction","N09,C05","Legacy departure plus anonymous release credits two vacancies for one recorded patient departure. No common turnover identity distinguishes duplicate entry from two real beds.","Link one physical departure to one turnover. Preserve two credits for two genuinely different departures, but make retries and dual reporting idempotent."
"WF-07","Validate runtime events and define capacity reconciliation","P1","Native payload boundaries","N14,N15","Capacity accepts negative, fractional, NaN, infinite and excessive values. An unknown step-back stage passes indexOf(-1).","Validate finite integers, bounds, enums and IDs at the reducer boundary. This is not proof that the normal dropdown submits an invalid stage."
"WF-08","Prevent an old capacity draft overwriting a newer observation","P1","Real browser and native reproduced","N08,browser-followup","The real ward page changed confirmed capacity 1 to 0 after Pull, left draft 1, then restored 1 when Confirm capacity was clicked untouched.","Use draft/source revisions, refresh clean drafts and require explicit reconciliation for stale dirty drafts. Preserve the browser sequence as a regression."
"WF-09","Preserve patient/referral provenance and intended-episode uniqueness","P1","Partially improved","PULL source,C01","Local admissions now copy linked patientId. referralId and homeRegion remain null; this is not complete episode provenance.","Carry verified identifiers, explicit unknowns and episode/idempotency keys. Do not infer identity from names or location."
"WF-10","Deliver recipient-scoped notices that survive active-row removal","P1 pending","Not fully reverified","Recipient/audit scope review","The entire delivery and acknowledgement chain for every removed/withdrawn row was not traced. A central audit is not proof of recipient notification.","Verify each sending/receiving route after row removal and navigation, including unauthorised readers. Do not claim every notice is absent."
"WF-11","Make parallel-referral add, replace and withdraw semantics explicit","P2","Source-supported decision","REFER_TO_UNITS","Active destination replacement and historic decisions are different facts. Adding B must not ambiguously withdraw A or revive a declined request.","Choose explicit add/replace/withdraw operations and verify both recipient views, re-referral and parallel limits."
"WF-12","Complete community decisions and independent referral purposes","P1","Partly fixed, native stranded-purpose defect","N12,N13","Community decline exists locally. Community acceptance is not permitted. ED acceptance can leave a community purpose queued but not decidable even by coordinator.","Separate independent destination-purpose lifecycles from aggregate acceptance. Agree the community acceptance actor and test both decision orders."
"WF-13","Make front-door withdrawal terminal for pending decisions","P1","Native reproduced","N10,N11","A withdrawn destination can subsequently be accepted or declined while retaining withdrawnAt.","Make withdrawal terminal for that attempt. A new intentional referral must be distinct, with visible refusal of stale decisions."
"WF-14","Provide truthful all-declined and no-admission exits","P2","Source-supported, full exits unproved","Referral lifecycle","No complete resolution path was established for every no-destination, all-declined or no-admission state.","Provide outcome, re-referral and escalation choices, retaining a responsible service until accepted handover or documented closure."
"WF-15","Represent direct community/ward origins and inter-ward transfers","Scope decision","Capability gap","Movement origin model","ED-only origin is not a truthful direct community or inter-ward transfer, despite widened booking roles.","Model typed sender/location and source admission. Distinguish inter-ward transfer from discharge to community and scope sender permissions."
"WF-16","Complete a no-booked-transport-needed journey","P1","Native dead end","N07","Transport need false can be recorded, but handover readiness still demands a booking.","Support an assessed no-provider-booking path with appropriate readiness, departure and receiving confirmation. Do not create a fictional job."
"WF-17","Allow reassessment and changing clinical decisions","P2 decision","Workflow decision","Examination/status review","A later assessment must not be confused with correction or with safe resource closure.","Record superseding assessments and their consequences without rewriting history. Test changing admission, physical health, escort and legal requirements."
"WF-18","Complete discharge dependencies and accountable community follow-up","Scope decision","Partially improved","C03,C04,C05","Protected discharge, scoped readers and stale/replay protection now work. They do not establish complete EDD, barrier, receiving-service and clinical follow-up workflows.","Keep new guards; connect planning, actual departure, accepted follow-up task and clinically relevant contact. Scheduling alone is not clinical contact."
"WF-19","Connect temporary ED attendance to named location and responsible service","P2","Source-supported","Away/return handlers","An away-at-ED flag and timestamp do not alone identify the ED encounter or responsible receiving service.","Link source admission, receiving ED/location and responsibility; cover return, medical admission and non-return without duplicate stock."
"WF-20","Link leave-bed handling to an admission and leave episode","P2","Source-supported","Leave-bed handlers","Unit-level leave-bed entries do not uniquely establish the person/leave episode whose return must be handled.","Add admission and leave identities with an approved holding rule. Test overlapping leave, early/late return and non-return."
"WF-21","Agree reservation expiry and handover snapshot semantics","P2 decision","Workflow decision","Expiry/clock/handover","Expired reservation display does not itself authorise release. Frozen handover and live state answer different questions.","Agree expiry escalation/renewal/release and distinguish immutable snapshot time from live state, including collected patients and midnight."
"WF-22","Render or clear a closed coordinator selection coherently","P2 pending","Not fully reverified","Coordinator lookup","A later selected-movement lookup does not itself exclude closed records, but retaining a read-only history view could be intentional. No crash reproduced.","Prove either clear-and-return-focus or explicit closed read-only detail across another role's closure, Back/Forward and navigation."
"WF-23","Avoid accepted cases appearing as declined by all","P2","Native reproduced","X05","Decline A, refer B, accept B still enters handover declined_by_all because the predicate ignores acceptedUnitId.","Use current acceptance/unresolved requests, not historical decline count, while retaining the historic decision."
"WF-24","Preserve the intended date in time-only inputs","P1","Source-supported, controls present","Ward parser, browser inventory","HH:MM parses to day-zero 0-1439 and cannot express the intended later day. The comments claiming it always matches now are false after day zero.","Use date plus time or an explicit day selection, verify stored instants and printed labels at midnight and on later days."
"WF-25","Separate occurrence, recording, update and verification times","P2","Native helper semantics plus source concern","X07,preparation timestamps","39 hours ahead is classified as tomorrow despite rolling-24-hour prose. Mutable confirmation time should not substitute for departure occurrence.","Choose calendar versus rolling horizon explicitly and separate occurrence/update/freshness timestamps. A note update must not create a new discharge."
"WF-26","Verify physical consistency of the scarce scenario","P2","Native seed reproduced","X04","Scarce has gry-older-adult allocatable 1 but empty 0. Standard seed has no allocatable-above-empty case.","Repair or explicitly define the fixture semantics and keep zero physical vacancy unambiguous. Test actual allocation boundaries."
"WF-27","Verify replacement Capacity and Delays controls","P2 pending","Partially verified","Browser Capacity, native failures","Capacity renders at desktop/phone. Its facade mock omits worldGeneration and causes a null dereference not seen with the real provider. Full revised controls remain unexhausted.","Fix the mock contract, then test real routed filtering, selection, empty groups and Delays. Do not label the mock crash a proven app crash."
"WF-28","Resolve Morning frozen-versus-live contract","P2","Source-confirmed deferral","morning/page.tsx","Morning still redirects to bare Capacity; as-at-morning behaviour is explicitly unimplemented.","Implement a real frozen view or formally retire that requirement. Do not invent a decorative query parameter."
"WF-29","Establish privacy and genuine service-scoped authority","Before real data","Real-use gate","Provider,scoped readers","Declared prototype roles and scoped readers are not authenticated server authorisation. No penetration test or actual data breach was established.","Establish identity, service membership, server enforcement, least privilege, access audit and retention before real data."
"WF-30","Govern sensitive demographic display and decision use","Before affected use","Governance gate, failing CSS contract","Sensitive-adjacency test","A sensitive demographic adjacency guard fails. This is not proof of a discriminatory allocation outcome.","Inspect the actual patient layout and decision use with approved culturally safe semantics, keyboard order and purpose/provenance."
"WF-31","Validate legal forms, authority and deadline provenance","Before legal reliance","Real-use gate","Legal model,WA sources","Legal status, form validity, location/transport authority and operational targets must not be collapsed. Product override is not legal authority.","Version authoritative rules, verify supported transitions and clocks with clinical/legal owners, and keep operational deadlines distinct."
"WF-32","Agree ranking, urgency and waiting-time policy","Before ranking reliance","Policy not benchmarked","Priority model","Clinical ordering and fairness were not recertified by this audit; an operational score is not statewide optimality proof.","Use clinician-reviewed cases, defined tie-breaking, override accountability and starvation checks. Avoid sensitive proxies."
"WF-33","Provide authoritative persistence, concurrency and recovery","Before multi-user operation","Real-use gate","Provider,new audit","Session-local reducer/audit state does not prove durable multi-user stock or audit history.","Add approved authoritative persistence, concurrency, idempotency and recovery. Test two real clients on an isolated backend, not unrelated reducers."
"WF-34","Make tests discriminate actual workflow failures","P1 assurance","Native failures reproduced","Full suite,focused rerun","462 files ran with 5045 pass,135 fail,75 pending. Later 56-file rerun:838 pass,96 fail. Literal wording, stale selectors and incomplete mocks coexist with real contracts.","Triage product, design, oracle, fixture and environment separately. Preserve negative/positive controls and rerun the full population on a stable tree."
"WF-35","Align architecture notes with current code","P2","Source-supported","README,error boundary,clock comments","Unqualified engine-sound/pass-count claims and several historical comments lag the code. Installed Next 16.3.3 DOES supply retry.","Use dated receipts and current contracts. Do not reverse valid retry wiring or new routes based on stale prose."
"WF-36","Require an actually ready resource of the appropriate kind","P1","Native allocation boundary","X06,X04","In 27 resource states, zero empty with positive allocatable and no pending preparation permits pull.","Guard actual physical readiness independently of pending preparation and eligibility. Preserve the separately approved display arithmetic."
"WF-37","Reconcile the booked job when releasing its reservation","P1","Native reproduced","N06","Book, release pull, cancel, collect, arrive can close a movement and decrement empty beds without an admission.","Bind transport to reservation/admission and account for job disposition on release. Use diversion after collection, not a fake reversal."
"WF-38","Retain applied override reasons consistently across projections","P2 reconciliation","Old missing-reason claim refuted in part","X03","New audit retains the selected pull override reason. Legacy movement.overrides gains no entry and audit says overrideFactRecorded=false.","Do not add duplicate logging. Reconcile the canonical applied-override projection, legacy counts and flag semantics, proving exact reason/subject once."
"WF-39","Treat valid zero timestamps as present","P2","Chronological native boundary","X01","A monotonic journey accepted at instant0 cannot go en route at1 and accepts a duplicate acceptance at2.","Use explicit timestamp presence checks, cover zero/negative/undefined/positive values and milestone retries."
"WF-40","Tie preparation to a current turnover identity","P2","Source risk, full cycle unproved","Preparation helper","Unit-level discharged/preparing records cannot themselves distinguish an unresolved old cycle from a current turnover.","Link bed and turnover, retain historical notes and test delayed old-cycle updates. Do not expire real unfinished work automatically."
"WF-41","Decide which ward entries become shared facts","P2 decision","Workflow decision","Ward local state","Several confirmations/constraints are local. Current labels acknowledge page scope; the old never-answered allegation is not retained.","Classify local acknowledgement versus shared observation versus history, with provenance/retention that matches the label."
"WF-42","Separate transport arrival from receipt and responsibility","P1 decision","Clinical workflow decision","PATIENT_ARRIVED,WA handover","Officer arrival/occupancy is not the receiving clinical team's handover acknowledgement.","Record both physical arrival and explicit receiving responsibility, preserving an accountable exception path when they do not coincide."
"WF-43","Provide change-sensitive readiness and owned recovery","P1 supported journeys","Workflow coverage incomplete","Transition review","Readiness can become stale after clinical, legal, escort or destination changes. Not every recovery scenario was executed.","Link readiness to the facts assessed, record reassessment and owner, and permit truthful physical event recording with explicit exceptions."
"WF-44","Maintain verified service and catchment directory","Before directory reliance","Real-use gate","Sites/teams/catchment","No complete WA directory or live staffed-bed recertification was performed in this audit.","Maintain source authority, dates, scope, contacts and uncertainty. Do not treat hospital totals as current suitable staffed ward capacity."
"WF-45","Scope regional multi-leg transport and repatriation","Later/included scope","Capability decision","Single-job/origin model","A single ED-origin/job path is not a full regional multi-leg retrieval or repatriation workflow.","Model legs, connecting handovers and responsible services when included. Do not delay current integrity fixes for optional future scope."
"WF-46","Establish clinical safety ownership and controlled pilot","Before clinical pilot","Real-use gate","Audit limitations,WA standards","A large suite and source audit are not clinical validation, regulatory classification or deployment approval.","Maintain hazard ownership, exclusions, human oversight, downtime/rollback and clinician-led acceptance evidence."
"WF-47","Define truthful flow analytics and measure benefit","After event integrity","Dependency","N01,N06,N09,X05,X07","Invalid identity, stock and timestamps can produce plausible wrong metrics.","Define population/denominator/occurrence time/missingness and reconcile event records to every outcome metric before claiming benefit."
"WF-48","Maintain capability register and evidence-bound backlog","P2 process","Process improvement","Initial/final manifests","48 old rows mix bugs, decisions and gates. 52 snapshotted files changed while four core modules remained unchanged.","Keep stable IDs, maturity labels, hashes, evidence and closure proof. A changed core invalidates its old proof; unrelated visual changes do not."
"WF-49","Give community screens truthful role and task context","P2","Source-supported, browser presentation","ward-chrome-role,community visit","Chrome has no community role and defaults its context to coordinator, differing from actual community reducer permissions.","Add truthful community or neutral context and verify role label, primary action and tasks without accidentally widening permissions."
"WF-50","Remove unproved aggregate placement guarantee","P2","Source-supported","Capacity zero-gap copy","Equal counts in four broad bed groups do not prove nobody goes without today given individual constraints.","Say nominal category capacity/gap, not guaranteed placement. Test equal totals with incompatible needs."
"WF-51","Stabilise local server/cache verification safely","P2 environment","Observed then workaround verified","ensure logs,browser passes","Normal Turbopack startup failed on missing SST files. Isolated cache worked. The first board chunk error did not recur in two later visits.","Keep environment and app findings separate, verify identity/free managed port, preserve logs and never delete another session's cache."
